scenario_id,weekly_wage,treasury_raw_unrounded,rulespec_statutory_inputs_before_rounding,rulespec_treasury_host_aligned_before_rounding,rulespec_statutory_rounded,total_signed_delta,forecast_vintage_component_under_treasury_host_convention,statutory_host_convention_component,legal_rounding_uplift,rulespec_statutory_base_rate,rulespec_treasury_host_base_rate,rulespec_statutory_cutout,rulespec_treasury_host_cutout
single_parent_three_children_area1_rent,0,304.204969,302.07678846153846153846153846,302.14982191780821917808219178,303,-2.12818053846153846153846154,-2.05514708219178082191780822,-0.07303345626975763962065332,0.92321153846153846153846154,673.8469230769230769230769230769230769231,673.4295890410958904109589041095890410959,905.0285714285714285714285714285714285714,905.0328767123287671232876712328767123288
single_parent_three_children_area1_rent,160,304.204969,302.07678846153846153846153846,302.14982191780821917808219178,303,-2.12818053846153846153846154,-2.05514708219178082191780822,-0.07303345626975763962065332,0.92321153846153846153846154,673.8469230769230769230769230769230769231,673.4295890410958904109589041095890410959,905.0285714285714285714285714285714285714,905.0328767123287671232876712328767123288
single_parent_three_children_area1_rent,250,304.204969,302.07678846153846153846153846,302.14982191780821917808219178,303,-2.12818053846153846153846154,-2.05514708219178082191780822,-0.07303345626975763962065332,0.92321153846153846153846154,673.8469230769230769230769230769230769231,673.4295890410958904109589041095890410959,905.0285714285714285714285714285714285714,905.0328767123287671232876712328767123288
single_parent_three_children_area1_rent,370,304.204969,302.07678846153846153846153846,302.14982191780821917808219178,303,-2.12818053846153846153846154,-2.05514708219178082191780822,-0.07303345626975763962065332,0.92321153846153846153846154,673.8469230769230769230769230769230769231,673.4295890410958904109589041095890410959,905.0285714285714285714285714285714285714,905.0328767123287671232876712328767123288
single_parent_three_children_area1_rent,555,304.204969,302.07678846153846153846153846,302.14982191780821917808219178,303,-2.12818053846153846153846154,-2.05514708219178082191780822,-0.07303345626975763962065332,0.92321153846153846153846154,673.8469230769230769230769230769230769231,673.4295890410958904109589041095890410959,905.0285714285714285714285714285714285714,905.0328767123287671232876712328767123288
single_parent_three_children_area1_rent,740,304.204969,302.07678846153846153846153846,302.14982191780821917808219178,303,-2.12818053846153846153846154,-2.05514708219178082191780822,-0.07303345626975763962065332,0.92321153846153846153846154,673.8469230769230769230769230769230769231,673.4295890410958904109589041095890410959,905.0285714285714285714285714285714285714,905.0328767123287671232876712328767123288
single_parent_three_children_area1_rent,1000,278.991271,278.33393131868131868131868131,278.40804109589041095890410958,279,-0.65733968131868131868131869,-0.58322990410958904109589042,-0.07410977720909227758542827,0.66606868131868131868131869,673.8469230769230769230769230769230769231,673.4295890410958904109589041095890410959,905.0285714285714285714285714285714285714,905.0328767123287671232876712328767123288
single_parent_three_children_area1_rent,1500,153.991271,153.33393131868131868131868131,153.40804109589041095890410958,154,-0.65733968131868131868131869,-0.58322990410958904109589042,-0.07410977720909227758542827,0.66606868131868131868131869,673.8469230769230769230769230769230769231,673.4295890410958904109589041095890410959,905.0285714285714285714285714285714285714,905.0328767123287671232876712328767123288
couple_two_children_area2_mortgage,0,220,220,220,220,0,0,0,0,821.7269230769230769230769230769230769231,821.3095890410958904109589041095890410959,1116.285714285714285714285714285714285714,1116.298630136986301369863013698630136986
couple_two_children_area2_mortgage,160,220,220,220,220,0,0,0,0,821.7269230769230769230769230769230769231,821.3095890410958904109589041095890410959,1116.285714285714285714285714285714285714,1116.298630136986301369863013698630136986
couple_two_children_area2_mortgage,250,220,220,220,220,0,0,0,0,821.7269230769230769230769230769230769231,821.3095890410958904109589041095890410959,1116.285714285714285714285714285714285714,1116.298630136986301369863013698630136986
couple_two_children_area2_mortgage,370,220,220,220,220,0,0,0,0,821.7269230769230769230769230769230769231,821.3095890410958904109589041095890410959,1116.285714285714285714285714285714285714,1116.298630136986301369863013698630136986
couple_two_children_area2_mortgage,555,220,220,220,220,0,0,0,0,821.7269230769230769230769230769230769231,821.3095890410958904109589041095890410959,1116.285714285714285714285714285714285714,1116.298630136986301369863013698630136986
couple_two_children_area2_mortgage,740,220,220,220,220,0,0,0,0,821.7269230769230769230769230769230769231,821.3095890410958904109589041095890410959,1116.285714285714285714285714285714285714,1116.298630136986301369863013698630136986
couple_two_children_area2_mortgage,1000,220,220,220,220,0,0,0,0,821.7269230769230769230769230769230769231,821.3095890410958904109589041095890410959,1116.285714285714285714285714285714285714,1116.298630136986301369863013698630136986
couple_two_children_area2_mortgage,1500,122.180822,124.07142857142857142857142858,124.07465753424657534246575342,125,1.89060657142857142857142858,1.89383553424657534246575342,-0.00322896281800391389432484,0.92857142857142857142857142,821.7269230769230769230769230769230769231,821.3095890410958904109589041095890410959,1116.285714285714285714285714285714285714,1116.298630136986301369863013698630136986
couple_one_child_partner_10h_area3_rent,0,160,160,160,160,0,0,0,0,821.7269230769230769230769230769230769231,821.3095890410958904109589041095890410959,1116.285714285714285714285714285714285714,1116.298630136986301369863013698630136986
couple_one_child_partner_10h_area3_rent,160,160,160,160,160,0,0,0,0,821.7269230769230769230769230769230769231,821.3095890410958904109589041095890410959,1116.285714285714285714285714285714285714,1116.298630136986301369863013698630136986
couple_one_child_partner_10h_area3_rent,250,160,160,160,160,0,0,0,0,821.7269230769230769230769230769230769231,821.3095890410958904109589041095890410959,1116.285714285714285714285714285714285714,1116.298630136986301369863013698630136986
couple_one_child_partner_10h_area3_rent,370,160,160,160,160,0,0,0,0,821.7269230769230769230769230769230769231,821.3095890410958904109589041095890410959,1116.285714285714285714285714285714285714,1116.298630136986301369863013698630136986
couple_one_child_partner_10h_area3_rent,555,160,160,160,160,0,0,0,0,821.7269230769230769230769230769230769231,821.3095890410958904109589041095890410959,1116.285714285714285714285714285714285714,1116.298630136986301369863013698630136986
couple_one_child_partner_10h_area3_rent,740,160,160,160,160,0,0,0,0,821.7269230769230769230769230769230769231,821.3095890410958904109589041095890410959,1116.285714285714285714285714285714285714,1116.298630136986301369863013698630136986
couple_one_child_partner_10h_area3_rent,1000,140.930822,142.82142857142857142857142858,142.82465753424657534246575342,143,1.89060657142857142857142858,1.89383553424657534246575342,-0.00322896281800391389432484,0.17857142857142857142857142,821.7269230769230769230769230769230769231,821.3095890410958904109589041095890410959,1116.285714285714285714285714285714285714,1116.298630136986301369863013698630136986
couple_one_child_partner_10h_area3_rent,1500,15.930822,17.82142857142857142857142858,17.82465753424657534246575342,18,1.89060657142857142857142858,1.89383553424657534246575342,-0.00322896281800391389432484,0.17857142857142857142857142,821.7269230769230769230769230769230769231,821.3095890410958904109589041095890410959,1116.285714285714285714285714285714285714,1116.298630136986301369863013698630136986
single_no_children_area2_no_housing_costs,0,0,0,0,0,0,0,0,0,372.55,372.55,692.2142857142857142857142857142857142857,692.2328767123287671232876712328767123288
single_no_children_area2_no_housing_costs,160,0,0,0,0,0,0,0,0,372.55,372.55,692.2142857142857142857142857142857142857,692.2328767123287671232876712328767123288
single_no_children_area2_no_housing_costs,250,0,0,0,0,0,0,0,0,372.55,372.55,692.2142857142857142857142857142857142857,692.2328767123287671232876712328767123288
single_no_children_area2_no_housing_costs,370,0,0,0,0,0,0,0,0,372.55,372.55,692.2142857142857142857142857142857142857,692.2328767123287671232876712328767123288
single_no_children_area2_no_housing_costs,555,0,0,0,0,0,0,0,0,372.55,372.55,692.2142857142857142857142857142857142857,692.2328767123287671232876712328767123288
single_no_children_area2_no_housing_costs,740,0,0,0,0,0,0,0,0,372.55,372.55,692.2142857142857142857142857142857142857,692.2328767123287671232876712328767123288
single_no_children_area2_no_housing_costs,1000,0,0,0,0,0,0,0,0,372.55,372.55,692.2142857142857142857142857142857142857,692.2328767123287671232876712328767123288
single_no_children_area2_no_housing_costs,1500,0,0,0,0,0,0,0,0,372.55,372.55,692.2142857142857142857142857142857142857,692.2328767123287671232876712328767123288
