scenario_id,weekly_wage,column,treasury,rulespec,signed_delta_rulespec_minus_treasury,absolute_delta,relative_absolute_delta
single_parent_three_children_area1_rent,0,RR,1,1,0,0,0
single_parent_three_children_area1_rent,0,PTR,,,,,
single_parent_three_children_area1_rent,160,RR,1.274076,1.215866173036174249235762004902372429884,-0.058209826963825750764237995097627570116,0.058209826963825750764237995097627570116,0.04568787651900338030403052494327463205963
single_parent_three_children_area1_rent,160,PTR,2.830717,2.544029109589041095890410958904109589044,-0.286687890410958904109589041095890410956,0.286687890410958904109589041095890410956,0.1012774821400227942636402865761184925784
single_parent_three_children_area1_rent,250,RR,1.186406,1.137378196714958394418738765928532542756,-0.049027803285041605581261234071467457244,0.049027803285041605581261234071467457244,0.04132464205764435242342101613736567182229
single_parent_three_children_area1_rent,250,PTR,1.855759,1.672279013698630136986301369863013698632,-0.183479986301369863013698630136986301368,0.183479986301369863013698630136986301368,0.09887058950077561957867300125554358155773
single_parent_three_children_area1_rent,370,RR,0.838527,0.8178039684474742051936034064438142821761,-0.0207230315525257948063965935561857178239,0.0207230315525257948063965935561857178239,0.02471361274297165721127237829692510536202
single_parent_three_children_area1_rent,370,PTR,0.291323,0.1621531797340016518098709879111725002135,-0.1291698202659983481901290120888274997865,0.1291698202659983481901290120888274997865,0.4433903957668922405375786054957126618444
single_parent_three_children_area1_rent,555,RR,0.840202,0.8193629904786264860137614802678429797775,-0.0208390095213735139862385197321570202225,0.0208390095213735139862385197321570202225,0.02480238028637579294769414942139749753333
single_parent_three_children_area1_rent,555,PTR,0.533382,0.4472687001015768139055810288753453137009,-0.0861132998984231860944189711246546862991,0.0861132998984231860944189711246546862991,0.1614477052064433859680659848376111047975
single_parent_three_children_area1_rent,740,RR,0.841883,0.8209279679517188103873251195080612915184,-0.0209550320482811896126748804919387084816,0.0209550320482811896126748804919387084816,0.02489067013858361507795605861139696190753
single_parent_three_children_area1_rent,740,PTR,0.654412,0.5898264602853643949534360493340429470554,-0.0645855397146356050465639506659570529446,0.0645855397146356050465639506659570529446,0.09869247464080060427767820679626451370788
single_parent_three_children_area1_rent,1000,RR,0.804109,0.7859066275521691824894940088602606646573,-0.0182023724478308175105059911397393353427,0.0182023724478308175105059911397393353427,0.02263669782060742699124868785169589613187
single_parent_three_children_area1_rent,1000,PTR,0.668285,0.620939158512720156555772994136301369863,-0.047345841487279843444227005863698630137,0.047345841487279843444227005863698630137,0.07084678166841967640187495733661331637999
single_parent_three_children_area1_rent,1500,RR,0.766996,0.7511460998886683394447394736645905462144,-0.0158499001113316605552605263354094537856,0.0158499001113316605552605263354094537856,0.02066490582914599366262734921095997082853
single_parent_three_children_area1_rent,1500,PTR,0.724231,0.6926696673189823874755381604780821917807,-0.0315613326810176125244618395219178082193,0.0315613326810176125244618395219178082193,0.04357909656037591945727515050021030336909
couple_two_children_area2_mortgage,0,RR,1,1,0,0,0
couple_two_children_area2_mortgage,0,PTR,,,,,
couple_two_children_area2_mortgage,160,RR,1.554128,1.458636856079708427260333030539730922014,-0.095491143920291572739666969460269077986,0.095491143920291572739666969460269077986,0.06144355157380316984165201930617624673515
couple_two_children_area2_mortgage,160,PTR,3.747654,3.46827910958904109589041095890410958904,-0.27937489041095890410958904109589041096,0.27937489041095890410958904109589041096,0.07454660713367853705533889763993431916607
couple_two_children_area2_mortgage,250,RR,1.413429,1.336095854603505570361785134086967601607,-0.077333145396494429638214865913032398393,0.077333145396494429638214865913032398393,0.05471314469739507936954375912269551452036
couple_two_children_area2_mortgage,250,PTR,2.442599,2.26379901369863013698630136986301369863,-0.17879998630136986301369863013698630137,0.17879998630136986301369863013698630137,0.07320071215183903007153389898914488271304
couple_two_children_area2_mortgage,370,RR,1.267618,1.207234808372346656454937788208834349793,-0.060383191627653343545062211791165650207,0.060383191627653343545062211791165650207,0.04763516424321313167299786827827125380596
couple_two_children_area2_mortgage,370,PTR,1.703533,1.58272239911144020733061828952239911144,-0.12081060088855979266938171047760088856,0.12081060088855979266938171047760088856,0.0709176757295337352838962969766954256595
couple_two_children_area2_mortgage,555,RR,0.916549,0.8877047600263775751729181021165776135136,-0.0288442399736224248270818978834223864864,0.0288442399736224248270818978834223864864,0.031470483273259176352908461940848101396
couple_two_children_area2_mortgage,555,PTR,0.797725,0.7137191505520272643560314793257957641514,-0.0840058494479727356439685206742042358486,0.0840058494479727356439685206742042358486,0.1053067779597890697219825386871468687187
couple_two_children_area2_mortgage,740,RR,0.91876,0.8897405961644881883092688705168970166655,-0.0290194038355118116907311294831029833345,0.0290194038355118116907311294831029833345,0.03158540188461819375106788441279875411914
couple_two_children_area2_mortgage,740,PTR,0.852668,0.7896642981232022327912738871718807848946,-0.0630037018767977672087261128281192151054,0.0630037018767977672087261128281192151054,0.07389007430418142490245454599928602352311
couple_two_children_area2_mortgage,1000,RR,0.854339,0.8312804861519285521237324002976299758028,-0.0230585138480714478762675997023700241972,0.0230585138480714478762675997023700241972,0.02698988791108851155837155941888410127268
couple_two_children_area2_mortgage,1000,PTR,0.789781,0.745076301369863013698630136986301369863,-0.044704698630136986301369863013698630137,0.044704698630136986301369863013698630137,0.05660391757985693034065122231821052942145
couple_two_children_area2_mortgage,1500,RR,0.794284,0.7743873169919023209073941067707463729928,-0.0198966830080976790926058932292536270072,0.0198966830080976790926058932292536270072,0.02504983482998232256045179460904868662494
couple_two_children_area2_mortgage,1500,PTR,0.787108,0.7560468101761252446183953033247488584473,-0.0310611898238747553816046966752511415527,0.0310611898238747553816046966752511415527,0.03946242424657703311566480924504787342106
couple_one_child_partner_10h_area3_rent,0,RR,1,1,0,0,0
couple_one_child_partner_10h_area3_rent,0,PTR,1,1,0,0,0
couple_one_child_partner_10h_area3_rent,160,RR,0.800719,0.8157836024220038337615785223652837609593,0.0150646024220038337615785223652837609593,0.0150646024220038337615785223652837609593,0.01881384408513327866777049422492005430032
couple_one_child_partner_10h_area3_rent,160,PTR,0.593043,0.5930434782608695652173913043478260869565,0.0000004782608695652173913043478260869565,0.0000004782608695652173913043478260869565,0.0000008064522632679542483502002824195825597807
couple_one_child_partner_10h_area3_rent,250,RR,0.720009,0.7391877832332541973572841196191473460541,0.0191787832332541973572841196191473460541,0.0191787832332541973572841196191473460541,0.02663686597425059597488936890948216765915
couple_one_child_partner_10h_area3_rent,250,PTR,0.49569,0.4956898756101401354117461817036687135885,-0.0000001243898598645882538182963312864115,0.0000001243898598645882538182963312864115,0.0000002509428470709279061879326419464009764167
couple_one_child_partner_10h_area3_rent,370,RR,0.515622,0.5389530984029517994379852450601220936206,0.0233310984029517994379852450601220936206,0.0233310984029517994379852450601220936206,0.04524845410582131762800122000248649906443
couple_one_child_partner_10h_area3_rent,370,PTR,0.045135,0.0416703044456469114003360578769496577719,-0.0034646955543530885996639421230503422281,0.0034646955543530885996639421230503422281,0.07676294570406754402711736176028231368339
couple_one_child_partner_10h_area3_rent,555,RR,0.517152,0.5404698413681286151037019202369028914835,0.0233178413681286151037019202369028914835,0.0233178413681286151037019202369028914835,0.04508895134917512666237763798052195772906
couple_one_child_partner_10h_area3_rent,555,PTR,0.288226,0.28562766354341696807450232108524620511,-0.00259833645658303192549767891475379489,0.00259833645658303192549767891475379489,0.009014927371517600513130942089727487770014
couple_one_child_partner_10h_area3_rent,740,RR,0.484213,0.5085172629228558805622621139906504164921,0.0243042629228558805622621139906504164921,0.0243042629228558805622621139906504164921,0.05019333004866841774645066115666125546423
couple_one_child_partner_10h_area3_rent,740,PTR,0.350358,0.3503572010366530914476119955572010366534,-0.0000007989633469085523880044427989633466,0.0000007989633469085523880044427989633466,0.000002280419875979861707180777373324846585493
couple_one_child_partner_10h_area3_rent,1000,RR,0.439208,0.4626305059511211415813383628899135327913,0.0234225059511211415813383628899135327913,0.0234225059511211415813383628899135327913,0.05332896019908822603718138761113989907128
couple_one_child_partner_10h_area3_rent,1000,PTR,0.392152,0.390555467479171311319742046282411421305,-0.001596532520828688680257953717588578695,0.001596532520828688680257953717588578695,0.004071208411097453743084196223884051834493
couple_one_child_partner_10h_area3_rent,1500,RR,0.41287,0.4360448586158255841465202618250953445675,0.0231748586158255841465202618250953445675,0.0231748586158255841465202618250953445675,0.05613112751186955735829743460434360589895
couple_one_child_partner_10h_area3_rent,1500,PTR,0.523895,0.5227705029412277085135912012849884151053,-0.0011244970587722914864087987150115848947,0.0011244970587722914864087987150115848947,0.002146416855996509770867824115541444172401
single_no_children_area2_no_housing_costs,0,RR,1,1,0,0,0
single_no_children_area2_no_housing_costs,0,PTR,,,,,
single_no_children_area2_no_housing_costs,160,RR,0.745384,0.7468553522421509618804141420241426280438,0.0014713522421509618804141420241426280438,0.0014713522421509618804141420241426280438,0.001973952006148457547269785807238454331995
single_no_children_area2_no_housing_costs,160,PTR,0.1925,0.1925,0,0,0
single_no_children_area2_no_housing_costs,250,RR,0.731438,0.7329611423111220735381592117067960130018,0.0015231423111220735381592117067960130018,0.0015231423111220735381592117067960130018,0.002082394285123378246904333254214318919444
single_no_children_area2_no_housing_costs,250,PTR,0.4445,0.4445003835616438356164383561720547945208,0.0000003835616438356164383561720547945208,0.0000003835616438356164383561720547945208,0.0000008629058354007118973142228454319928008999
single_no_children_area2_no_housing_costs,370,RR,0.70891,0.710816516437670094979868171485149556979,0.001906516437670094979868171485149556979,0.001906516437670094979868171485149556979,0.00268936315987938522501893256569882915885
single_no_children_area2_no_housing_costs,370,PTR,0.58025,0.5808740871888954846022267771736393928176,0.0006240871888954846022267771736393928176,0.0006240871888954846022267771736393928176,0.001075548796028409482510602625832645958811
single_no_children_area2_no_housing_costs,555,RR,0.671152,0.6731387434164650273175568189448591740731,0.0019867434164650273175568189448591740731,0.0019867434164650273175568189448591740731,0.002960198906454912326204524377278431820363
single_no_children_area2_no_housing_costs,555,PTR,0.666084,0.6664997706208542666796282775449586572874,0.0004157706208542666796282775449586572874,0.0004157706208542666796282775449586572874,0.0006242014833778722798149746052429682853814
single_no_children_area2_no_housing_costs,740,RR,0.601832,0.6065255749221575942255484388469842266274,0.0046935749221575942255484388469842266274,0.0046935749221575942255484388469842266274,0.00779881249610787433295078833791527640172
single_no_children_area2_no_housing_costs,740,PTR,0.661845,0.6658311736393928174750092558311736393928,0.0039861736393928174750092558311736393928,0.0039861736393928174750092558311736393928,0.006022820508416347445412832054595319739214
single_no_children_area2_no_housing_costs,1000,RR,0.451125,0.4546437096739934939211787407093946013598,0.0035187096739934939211787407093946013598,0.0035187096739934939211787407093946013598,0.007799855193113868486957585390733391764589
single_no_children_area2_no_housing_costs,1000,PTR,0.539815,0.5427650684931506849315068493150684931508,0.0029500684931506849315068493150684931508,0.0029500684931506849315068493150684931508,0.005464962057650648706513989635464915111288
single_no_children_area2_no_housing_costs,1500,RR,0.32248,0.3249949632242372569573202601035385669311,0.0025149632242372569573202601035385669311,0.0025149632242372569573202601035385669311,0.00779881922673423764983955626252346480743
single_no_children_area2_no_housing_costs,1500,PTR,0.470233,0.4722000000000000000000000000036529680363,0.0019670000000000000000000000036529680363,0.0019670000000000000000000000036529680363,0.004183032666784338827772614860405305532151
lone_parent_two_teens_jss,0,RR,1,1,0,0,0
lone_parent_two_teens_jss,0,PTR,,,,,
lone_parent_two_teens_jss,160,RR,1.586114,1.438345036787492981573440086335761526626,-0.147768963212507018426559913664238473374,0.147768963212507018426559913664238473374,0.09316415037790916568831743094395388564378
lone_parent_two_teens_jss,160,PTR,2.830717,2.544029109589041095890410958904109589041,-0.286687890410958904109589041095890410959,0.286687890410958904109589041095890410959,0.1012774821400227942636402865761184925794
lone_parent_two_teens_jss,250,RR,1.369669,1.261562805685512833643039224021522818364,-0.108106194314487166356960775978477181636,0.108106194314487166356960775978477181636,0.0789287005214304816396959966082879744201
lone_parent_two_teens_jss,250,PTR,1.855759,1.67227901369863013698630136986301369863,-0.18347998630136986301369863013698630137,0.18347998630136986301369863013698630137,0.09887058950077561957867300125554358155881
lone_parent_two_teens_jss,370,RR,0.751432,0.7233676433829635679101609291639722771482,-0.0280643566170364320898390708360277228518,0.0280643566170364320898390708360277228518,0.03734783269415786403804877997746665413743
lone_parent_two_teens_jss,370,PTR,0.291323,0.1621531797340016518098709879111725002132,-0.1291698202659983481901290120888274997868,0.1291698202659983481901290120888274997868,0.4433903957668922405375786054957126618454
lone_parent_two_teens_jss,555,RR,0.753745,0.7254634708194077380903769847195226592472,-0.0282815291805922619096230152804773407528,0.0282815291805922619096230152804773407528,0.03752134897159153547900551948003282377037
lone_parent_two_teens_jss,555,PTR,0.533382,0.4472687001015768139055810288753453137007,-0.0861132998984231860944189711246546862993,0.0861132998984231860944189711246546862993,0.1614477052064433859680659848376111047979
lone_parent_two_teens_jss,740,RR,0.756073,0.7275714781096774397957432545482581180758,-0.0285015218903225602042567454517418819242,0.0285015218903225602042567454517418819242,0.03769678574730556467994062141055411570602
lone_parent_two_teens_jss,740,PTR,0.654412,0.5898264602853643949534360493340429470566,-0.0645855397146356050465639506659570529434,0.0645855397146356050465639506659570529434,0.09869247464080060427767820679626451370604
lone_parent_two_teens_jss,1000,RR,0.689519,0.6680462760312271429995474179851735080231,-0.0214727239687728570004525820148264919769,0.0214727239687728570004525820148264919769,0.03114159866337672638528101765843507137135
lone_parent_two_teens_jss,1000,PTR,0.643071,0.5971963013698630136986301369863013698629,-0.0458746986301369863013698630136986301371,0.0458746986301369863013698630136986301371,0.07133691090118662838375523544631717203404
lone_parent_two_teens_jss,1500,RR,0.584334,0.5707180254084268729904637868311210042444,-0.0136159745915731270095362131688789957556,0.0136159745915731270095362131688789957556,0.02330169832933412570471034231942518449312
lone_parent_two_teens_jss,1500,PTR,0.624089,0.5935077625570776255707762557114155251139,-0.0305812374429223744292237442885844748861,0.0305812374429223744292237442885844748861,0.04900140435566461583079295467246574588897
couple_two_best_start_children_binding,0,RR,1,1,0,0,0
couple_two_best_start_children_binding,0,PTR,1,1,0,0,0
couple_two_best_start_children_binding,160,RR,0.952865,0.956857149714374456532192182248519426718,0.003992149714374456532192182248519426718,0.003992149714374456532192182248519426718,0.004189627821752773511664487884977858057542
couple_two_best_start_children_binding,160,PTR,0.934285,0.9364180306755649221402646060117960426178,0.0021330306755649221402646060117960426178,0.0021330306755649221402646060117960426178,0.002283062101569566181908738780774648654104
couple_two_best_start_children_binding,250,RR,0.913392,0.9192759195832599334918000812189665003783,0.0058839195832599334918000812189665003783,0.0058839195832599334918000812189665003783,0.006441833936863836656988545136115162359972
couple_two_best_start_children_binding,250,PTR,0.885486,0.8874263403263403263403263403206724782071,0.0019403403263403263403263403206724782071,0.0019403403263403263403263403206724782071,0.002191271602645695516729050849671794028477
couple_two_best_start_children_binding,370,RR,0.868701,0.8765208844044161570103459574695434501433,0.0078198844044161570103459574695434501433,0.0078198844044161570103459574695434501433,0.009001813517442891179296394811958832950923
couple_two_best_start_children_binding,370,PTR,0.837197,0.8389268988693646227892803235218437615694,0.0017298988693646227892803235218437615694,0.0017298988693646227892803235218437615694,0.002066298457071182516516809689766878726751
couple_two_best_start_children_binding,555,RR,0.810675,0.8206863393934346196701543815816197112259,0.0100113393934346196701543815816197112259,0.0100113393934346196701543815816197112259,0.01234938710757654999864851090957499765738
couple_two_best_start_children_binding,555,PTR,0.784383,0.7858682034736829257377202582638705241444,0.0014852034736829257377202582638705241444,0.0014852034736829257377202582638705241444,0.001893467188456309912020350089013306183841
couple_two_best_start_children_binding,740,RR,0.759917,0.7715366769054403838933671728682939068784,0.0116196769054403838933671728682939068784,0.0116196769054403838933671728682939068784,0.01529071846720152844766885445159656499118
couple_two_best_start_children_binding,740,PTR,0.744773,0.7460706184319198017828154814418271010736,0.0012976184319198017828154814418271010736,0.0012976184319198017828154814418271010736,0.00174230058275447926121849401338005147018
couple_two_best_start_children_binding,775,RR,0.75102,0.7628931286366961401056914144421715337528,0.0118731286366961401056914144421715337528,0.0118731286366961401056914144421715337528,0.01580933748328425355608560949398356069452
couple_two_best_start_children_binding,775,PTR,0.738367,0.7396350252306579446142717538313214883129,0.0012680252306579446142717538313214883129,0.0012680252306579446142717538313214883129,0.001717337354808577054868045066100581841957
couple_two_best_start_children_binding,776,RR,0.750861,0.7627372504582607393204318236970842858667,0.0118762504582607393204318236970842858667,0.0118762504582607393204318236970842858667,0.01581684287539336750800990289425644142751
couple_two_best_start_children_binding,776,PTR,0.738317,0.7395825045666734321087883093123125022592,0.0012655045666734321087883093123125022592,0.0012655045666734321087883093123125022592,0.00171403958824384662521424985786931935632
couple_two_best_start_children_binding,1000,RR,0.718275,0.7310009794514938353189963720946843888162,0.0127259794514938353189963720946843888162,0.0127259794514938353189963720946843888162,0.01771741944449387117607653349299974079037
couple_two_best_start_children_binding,1000,PTR,0.730488,0.7315902740937223695844385499525665249569,0.0011022740937223695844385499525665249569,0.0011022740937223695844385499525665249569,0.001508955785341264448476292495655678063021
couple_two_best_start_children_binding,1125,RR,0.706417,0.7194236398749518710104301811015805416266,0.0130066398749518710104301811015805416266,0.0130066398749518710104301811015805416266,0.01841212750394154020986213681378072955011
couple_two_best_start_children_binding,1125,PTR,0.73357,0.7345991598324184904668947417486870615887,0.0010291598324184904668947417486870615887,0.0010291598324184904668947417486870615887,0.001402947002219952379315868626970925186008
couple_two_best_start_children_binding,1126,RR,0.706335,0.7193426238980630971999388599420160487553,0.0130076238980630971999388599420160487553,0.0130076238980630971999388599420160487553,0.01841565814813522931744690542308684796209
couple_two_best_start_children_binding,1126,PTR,0.733607,0.7346349132668561818894374063279082059646,0.0010279132668561818894374063279082059646,0.0010279132668561818894374063279082059646,0.00140117701556307653748860947061329290015
couple_two_best_start_children_binding,1476,RR,0.67356,0.6922218493931934367896875561117977910329,0.0186618493931934367896875561117977910329,0.0186618493931934367896875561117977910329,0.02770629104043208740080698989221122250861
couple_two_best_start_children_binding,1476,PTR,0.738513,0.7453536336938369478797746440283306958114,0.0068406336938369478797746440283306958114,0.0068406336938369478797746440283306958114,0.009262712631784339449372785622366425251011
couple_two_best_start_children_binding,1477,RR,0.669547,0.6921467713965284833834304048215863069947,0.0225997713965284833834304048215863069947,0.0225997713965284833834304048215863069947,0.03375382369949903947509346591290276409976
couple_two_best_start_children_binding,1477,PTR,0.733832,0.7453787891534568828950351555846478951565,0.0115467891534568828950351555846478951565,0.0115467891534568828950351555846478951565,0.01573492182605403266011179068866974342424
couple_two_best_start_children_binding,1500,RR,0.663736,0.6904635662349020543960580984690376518191,0.0267275662349020543960580984690376518191,0.0267275662349020543960580984690376518191,0.04026836910292955993958154818939706723622
couple_two_best_start_children_binding,1500,PTR,0.729586,0.7459976431958452506397711877163343933464,0.0164116431958452506397711877163343933464,0.0164116431958452506397711877163343933464,0.02249446014019629027937924756825705721656
couple_two_children_dual_full_time,0,RR,1,1,0,0,0
couple_two_children_dual_full_time,0,PTR,1,1,0,0,0
couple_two_children_dual_full_time,121,RR,0.967141,0.9706435583029865604184007333819481343224,0.0035025583029865604184007333819481343224,0.0035025583029865604184007333819481343224,0.0036215591139105470850690161847632706321
couple_two_children_dual_full_time,121,PTR,0.95863,0.9608630234894852335547290441979698661951,0.0022330234894852335547290441979698661951,0.0022330234894852335547290441979698661951,0.002329390369052954273003186002910263808873
couple_two_children_dual_full_time,122,RR,0.96658,0.9701115526770475985679350237307385076389,0.0035315526770475985679350237307385076389,0.0035315526770475985679350237307385076389,0.003653657924897679000119000735312656623249
couple_two_children_dual_full_time,122,PTR,0.957948,0.9601781714296890853481134128178336458701,0.0022301714296890853481134128178336458701,0.0022301714296890853481134128178336458701,0.002328071492073771591060697258967758030812
couple_two_children_dual_full_time,160,RR,0.946599,0.9511484869161618328127802303376751984863,0.0045494869161618328127802303376751984863,0.0045494869161618328127802303376751984863,0.004806139575640617423830186105917287559252
couple_two_children_dual_full_time,160,PTR,0.934285,0.9364180306755649221402646060117960426178,0.0021330306755649221402646060117960426178,0.0021330306755649221402646060117960426178,0.002283062101569566181908738780774648654104
couple_two_children_dual_full_time,250,RR,0.902418,0.9090670824839262384714462078262702889162,0.0066490824839262384714462078262702889162,0.0066490824839262384714462078262702889162,0.007368073868125678423353931134208636038067
couple_two_children_dual_full_time,250,PTR,0.885486,0.8874263403263403263403263403206724782071,0.0019403403263403263403263403206724782071,0.0019403403263403263403263403206724782071,0.002191271602645695516729050849671794028477
couple_two_children_dual_full_time,370,RR,0.852975,0.8617183497430724095964551659255942515106,0.0087433497430724095964551659255942515106,0.0087433497430724095964551659255942515106,0.01025041735463807215505163214114628390117
couple_two_children_dual_full_time,370,PTR,0.837197,0.8389268988693646227892803235218437615694,0.0017298988693646227892803235218437615694,0.0017298988693646227892803235218437615694,0.002066298457071182516516809689766878726751
couple_two_children_dual_full_time,555,RR,0.789683,0.8007122457141223295798994638855091696223,0.0110292457141223295798994638855091696223,0.0110292457141223295798994638855091696223,0.01396667487349015944359884141549098767771
couple_two_children_dual_full_time,555,PTR,0.784383,0.7858682034736829257377202582638705241444,0.0014852034736829257377202582638705241444,0.0014852034736829257377202582638705241444,0.001893467188456309912020350089013306183841
couple_two_children_dual_full_time,740,RR,0.735134,0.7477703553463474355695799554306220304645,0.0126363553463474355695799554306220304645,0.0126363553463474355695799554306220304645,0.01718918638826041996368003034905477159878
couple_two_children_dual_full_time,740,PTR,0.744773,0.7460706184319198017828154814418271010736,0.0012976184319198017828154814418271010736,0.0012976184319198017828154814418271010736,0.00174230058275447926121849401338005147018
couple_two_children_dual_full_time,1000,RR,0.670083,0.6841939444054927238645392265081118422156,0.0141109444054927238645392265081118422156,0.0141109444054927238645392265081118422156,0.02105850231313542332000547172232670014849
couple_two_children_dual_full_time,1000,PTR,0.703341,0.7044446907210251565471215919931900488115,0.0011036907210251565471215919931900488115,0.0011036907210251565471215919931900488115,0.001569211408157858772802370391019503784793
couple_two_children_dual_full_time,1500,RR,0.582014,0.6070518447019777057125580649764132634866,0.0250378447019777057125580649764132634866,0.0250378447019777057125580649764132634866,0.04301931689268248824350971793876653050717
couple_two_children_dual_full_time,1500,PTR,0.663867,0.6780353144287219629685383110040056262228,0.0141683144287219629685383110040056262228,0.0141683144287219629685383110040056262228,0.02134209778272148332201828228245360324101
single_childless_ietc_focused,0,RR,1,1,0,0,0
single_childless_ietc_focused,0,PTR,,,,,
single_childless_ietc_focused,160,RR,0.745384,0.7468553522421509618804141420241426280438,0.0014713522421509618804141420241426280438,0.0014713522421509618804141420241426280438,0.001973952006148457547269785807238454331995
single_childless_ietc_focused,160,PTR,0.1925,0.1925,0,0,0
single_childless_ietc_focused,250,RR,0.731438,0.7329611423111220735381592117067960130018,0.0015231423111220735381592117067960130018,0.0015231423111220735381592117067960130018,0.002082394285123378246904333254214318919444
single_childless_ietc_focused,250,PTR,0.4445,0.4445003835616438356164383561720547945208,0.0000003835616438356164383561720547945208,0.0000003835616438356164383561720547945208,0.0000008629058354007118973142228454319928008999
single_childless_ietc_focused,370,RR,0.70891,0.710816516437670094979868171485149556979,0.001906516437670094979868171485149556979,0.001906516437670094979868171485149556979,0.00268936315987938522501893256569882915885
single_childless_ietc_focused,370,PTR,0.58025,0.5808740871888954846022267771736393928176,0.0006240871888954846022267771736393928176,0.0006240871888954846022267771736393928176,0.001075548796028409482510602625832645958811
single_childless_ietc_focused,555,RR,0.671152,0.6731387434164650273175568189448591740731,0.0019867434164650273175568189448591740731,0.0019867434164650273175568189448591740731,0.002960198906454912326204524377278431820363
single_childless_ietc_focused,555,PTR,0.666084,0.6664997706208542666796282775449586572874,0.0004157706208542666796282775449586572874,0.0004157706208542666796282775449586572874,0.0006242014833778722798149746052429682853814
single_childless_ietc_focused,688,RR,0.646401,0.6484288852950381713023382908875417760873,0.0020278852950381713023382908875417760873,0.0020278852950381713023382908875417760873,0.003137193932308538047339485686967959652445
single_childless_ietc_focused,688,PTR,0.69927,0.6996050298016839864668853369342067537433,0.0003350298016839864668853369342067537433,0.0003350298016839864668853369342067537433,0.0004791136494973135797121811806694892434968
single_childless_ietc_focused,689,RR,0.644034,0.648249913809494186618278230289133567966,0.004215913809494186618278230289133567966,0.004215913809494186618278230289133567966,0.006546104412956748585134061694155227776794
single_childless_ietc_focused,689,PTR,0.696586,0.6998054629245299679679241617641370260652,0.0032194629245299679679241617641370260652,0.0032194629245299679679241617641370260652,0.00462177380040650826735559107437850612157
single_childless_ietc_focused,692,RR,0.641389,0.6477138027100151126259373791169370445744,0.0063248027100151126259373791169370445744,0.0063248027100151126259373791169370445744,0.009861102560248324536182221891764661655251
single_childless_ietc_focused,692,PTR,0.6944,0.7004035637140906957516861741007894528467,0.0060035637140906957516861741007894528467,0.0060035637140906957516861741007894528467,0.008645685072135218536414421228095410205501
single_childless_ietc_focused,693,RR,0.640512,0.6455071854101408664647323717185493421191,0.0049951854101408664647323717185493421191,0.0049951854101408664647323717185493421191,0.007798738212774883943989139498634439509486
single_childless_ietc_focused,693,PTR,0.693676,0.697932930083615015121864436932930083615,0.004256930083615015121864436932930083615,0.004256930083615015121864436932930083615,0.006136770024644091941863978187122062194742
single_childless_ietc_focused,740,RR,0.601832,0.6065255749221575942255484388469842266274,0.0046935749221575942255484388469842266274,0.0046935749221575942255484388469842266274,0.00779881249610787433295078833791527640172
single_childless_ietc_focused,740,PTR,0.661845,0.6658311736393928174750092558311736393928,0.0039861736393928174750092558311736393928,0.0039861736393928174750092558311736393928,0.006022820508416347445412832054595319739214
single_childless_ietc_focused,1000,RR,0.451125,0.4546437096739934939211787407093946013598,0.0035187096739934939211787407093946013598,0.0035187096739934939211787407093946013598,0.007799855193113868486957585390733391764589
single_childless_ietc_focused,1000,PTR,0.539815,0.5427650684931506849315068493150684931508,0.0029500684931506849315068493150684931508,0.0029500684931506849315068493150684931508,0.005464962057650648706513989635464915111288
single_childless_ietc_focused,1265,RR,0.369896,0.3727809931107560843582790520121546418575,0.0028849931107560843582790520121546418575,0.0028849931107560843582790520121546418575,0.007799470961448851456298667766492857066581
single_childless_ietc_focused,1265,PTR,0.490671,0.4930032378580323785803237858075694406849,0.0023322378580323785803237858075694406849,0.0023322378580323785803237858075694406849,0.004753160178678541385824281050988219570547
single_childless_ietc_focused,1266,RR,0.369661,0.3725432873392704483404294150763799143652,0.0028822873392704483404294150763799143652,0.0028822873392704483404294150763799143652,0.007797109620085560392980095483104558947793
single_childless_ietc_focused,1266,PTR,0.49056,0.4928883550823432664632430911748793525066,0.0023283550823432664632430911748793525066,0.0023283550823432664632430911748793525066,0.004746320699492960011503365897911269786774
single_childless_ietc_focused,1342,RR,0.355089,0.3578574493222132081738388195400578265989,0.0027684493222132081738388195400578265989,0.0027684493222132081738388195400578265989,0.007796494180932690603873450149280396179268
single_childless_ietc_focused,1342,PTR,0.488121,0.4903181920258048710777208419288324520756,0.0021971920258048710777208419288324520756,0.0021971920258048710777208419288324520756,0.004501326568217452389306835659257544903006
single_childless_ietc_focused,1343,RR,0.354881,0.3576492006456210624707449903492243213423,0.0027682006456210624707449903492243213423,0.0027682006456210624707449903492243213423,0.007800363067115631636365402343952821769269
single_childless_ietc_focused,1343,PTR,0.488039,0.4902358857189485816868797111374045022892,0.0021968857189485816868797111374045022892,0.0021968857189485816868797111374045022892,0.004501455250397164339078866929496417887095
single_childless_ietc_focused,1500,RR,0.32248,0.3249949632242372569573202601035385669311,0.0025149632242372569573202601035385669311,0.0025149632242372569573202601035385669311,0.00779881922673423764983955626252346480743
single_childless_ietc_focused,1500,PTR,0.470233,0.4722000000000000000000000000036529680363,0.0019670000000000000000000000036529680363,0.0019670000000000000000000000036529680363,0.004183032666784338827772614860405305532151
lone_parent_two_children_area4_high_rent_cap,0,RR,1,1,0,0,0
lone_parent_two_children_area4_high_rent_cap,0,PTR,,,,,
lone_parent_two_children_area4_high_rent_cap,160,RR,1.472628,1.361395703953973511924443455834169978177,-0.111232296046026488075556544165830021823,0.111232296046026488075556544165830021823,0.07553319375023868083151790144274726667088
lone_parent_two_children_area4_high_rent_cap,160,PTR,2.830717,2.544029109589041095890410958904109589041,-0.286687890410958904109589041095890410959,0.286687890410958904109589041095890410959,0.1012774821400227942636402865761184925794
lone_parent_two_children_area4_high_rent_cap,250,RR,1.306182,1.220402053156646068178292337194181644996,-0.085779946843353931821707662805818355004,0.085779946843353931821707662805818355004,0.06567227755653801064607203498885940474145
lone_parent_two_children_area4_high_rent_cap,250,PTR,1.855759,1.67227901369863013698630136986301369863,-0.18347998630136986301369863013698630137,0.18347998630136986301369863013698630137,0.09887058950077561957867300125554358155881
lone_parent_two_children_area4_high_rent_cap,370,RR,0.77682,0.7501248593640340789583423425289550307186,-0.0266951406359659210416576574710449692814,0.0266951406359659210416576574710449692814,0.03436464127592739764895040996761794145542
lone_parent_two_children_area4_high_rent_cap,370,PTR,0.291323,0.1621531797340016518098709879111725002132,-0.1291698202659983481901290120888274997868,0.1291698202659983481901290120888274997868,0.4433903957668922405375786054957126618454
lone_parent_two_children_area4_high_rent_cap,555,RR,0.778966,0.7520874439579271561024811784486669360862,-0.0268785560420728438975188215513330639138,0.0268785560420728438975188215513330639138,0.03450542904577715060415836063619344607313
lone_parent_two_children_area4_high_rent_cap,555,PTR,0.533382,0.4472687001015768139055810288753453137007,-0.0861132998984231860944189711246546862993,0.0861132998984231860944189711246546862993,0.1614477052064433859680659848376111047979
lone_parent_two_children_area4_high_rent_cap,740,RR,0.781125,0.7540603250835168356441867104046998089729,-0.0270646749164831643558132895953001910271,0.0270646749164831643558132895953001910271,0.03464832762551853334077553476754705204301
lone_parent_two_children_area4_high_rent_cap,740,PTR,0.654412,0.5898264602853643949534360493340429470566,-0.0645855397146356050465639506659570529434,0.0645855397146356050465639506659570529434,0.09869247464080060427767820679626451370604
lone_parent_two_children_area4_high_rent_cap,1000,RR,0.733431,0.7105721835851291907600518854070691097123,-0.0228588164148708092399481145929308902877,0.0228588164148708092399481145929308902877,0.03116696242028331123166066691063084364814
lone_parent_two_children_area4_high_rent_cap,1000,PTR,0.668285,0.6209391585127201565557729941363013698629,-0.0473458414872798434442270058636986301371,0.0473458414872798434442270058636986301371,0.07084678166841967640187495733661331638014
lone_parent_two_children_area4_high_rent_cap,1500,RR,0.672795,0.6552031761787366306588896606596253495424,-0.0175918238212633693411103393403746504576,0.0175918238212633693411103393403746504576,0.0261473759782153097765446225676092278593
lone_parent_two_children_area4_high_rent_cap,1500,PTR,0.704089,0.6735077625570776255707762557114155251139,-0.0305812374429223744292237442885844748861,0.0305812374429223744292237442885844748861,0.04343376681488046884587565533417575744842
couple_childless_boarder_proxy,0,RR,1,1,0,0,0
couple_childless_boarder_proxy,0,PTR,,,,,
couple_childless_boarder_proxy,160,RR,0.845288,0.8460484664453976557452829143856466491233,0.0007604664453976557452829143856466491233,0.0007604664453976557452829143856466491233,0.0008996536628908203420407179395030440788228
couple_childless_boarder_proxy,160,PTR,0.1925,0.1925,0,0,0
couple_childless_boarder_proxy,250,RR,0.835607,0.8364060619330531098466025443126003610361,0.0007990619330531098466025443126003610361,0.0007990619330531098466025443126003610361,0.0009562652455677248354819242928797401602667
couple_childless_boarder_proxy,250,PTR,0.4445,0.444500383561643835616438356164383561644,0.000000383561643835616438356164383561644,0.000000383561643835616438356164383561644,0.0000008629058354007118973142055873152845894263
couple_childless_boarder_proxy,370,RR,0.821033,0.8220736467702330222836967122618515443825,0.0010406467702330222836967122618515443825,0.0010406467702330222836967122618515443825,0.001267484705527088781689301479784057866736
couple_childless_boarder_proxy,370,PTR,0.584133,0.5846620986640577977533667439555720103668,0.0005290986640577977533667439555720103668,0.0005290986640577977533667439555720103668,0.0009057845799805827668814190528047728287907
couple_childless_boarder_proxy,555,RR,0.797877,0.7989912560617256975743004301938205525972,0.0011142560617256975743004301938205525972,0.0011142560617256975743004301938205525972,0.00139652610831706838811048594435051091484
couple_childless_boarder_proxy,555,PTR,0.677797,0.6781498788296216933241498941364926570407,0.0003528788296216933241498941364926570407,0.0003528788296216933241498941364926570407,0.0005206261308646885780696788809815579601267
couple_childless_boarder_proxy,740,RR,0.775992,0.7771696899517377619482815948263997802937,0.0011776899517377619482815948263997802937,0.0011776899517377619482815948263997802937,0.001517657336335634836804496472128295515547
couple_childless_boarder_proxy,740,PTR,0.72463,0.7248937689124036411095414692256571640134,0.0002637689124036411095414692256571640134,0.0002637689124036411095414692256571640134,0.000364004957569574968661895347497569812732
couple_childless_boarder_proxy,1000,RR,0.747189,0.7484418649232964254751955297969056824132,0.0012528649232964254751955297969056824132,0.0012528649232964254751955297969056824132,0.001676771102487356579386915220788424900795
couple_childless_boarder_proxy,1000,PTR,0.761159,0.7613540705594245044769266090170410958904,0.0001950705594245044769266090170410958904,0.0001950705594245044769266090170410958904,0.0002562809602520688541114392880345576816408
couple_childless_boarder_proxy,1500,RR,0.601852,0.605368899296603315220406387510456317982,0.003516899296603315220406387510456317982,0.003516899296603315220406387510456317982,0.005843462008273321714319114184976236652865
couple_childless_boarder_proxy,1500,PTR,0.68868,0.6914300136986301369863013698666666666664,0.0027500136986301369863013698666666666664,0.0027500136986301369863013698666666666664,0.003993166200020527656242913786761146928036
large_family_four_children_age_bands,0,RR,1,1,0,0,0
large_family_four_children_age_bands,0,PTR,,,,,
large_family_four_children_age_bands,160,RR,1.370612,1.280879619419678018966006111968747046407,-0.089732380580321981033993888031252953593,0.089732380580321981033993888031252953593,0.06546884207953963706285505163478282226699
large_family_four_children_age_bands,160,PTR,2.736967,2.450279109589041095890410958904109589042,-0.286687890410958904109589041095890410958,0.286687890410958904109589041095890410958,0.1047465645040509820211895288090394991821
large_family_four_children_age_bands,250,RR,1.240017,1.169117196132015543761340096996858084447,-0.070899803867984456238659903003141915553,0.070899803867984456238659903003141915553,0.0571764773127984989227243682974845631576
large_family_four_children_age_bands,250,PTR,1.795759,1.612279013698630136986301369863013698631,-0.183479986301369863013698630136986301369,0.183479986301369863013698630136986301369,0.1021740591590351840161728996691573320078
large_family_four_children_age_bands,370,RR,0.787579,0.7650324048863453576379118987730319707662,-0.0225465951136546423620881012269680292338,0.0225465951136546423620881012269680292338,0.02862772510904257523637387643267282295973
large_family_four_children_age_bands,370,PTR,0.250783,0.121612639193461111269330447370631959673,-0.129170360806538888730669552629368040327,0.129170360806538888730669552629368040327,0.5150682494688192131471014886550046866295
large_family_four_children_age_bands,555,RR,0.789538,0.7668272254591704214061309574866443111033,-0.0227107745408295785938690425133556888967,0.0227107745408295785938690425133556888967,0.02876463772589739644433712185272360405288
large_family_four_children_age_bands,555,PTR,0.506355,0.4202416730745497868785540018483182866757,-0.0861133269254502131214459981516817133243,0.0861133269254502131214459981516817133243,0.1700651260981924008283634962658247935229
large_family_four_children_age_bands,740,RR,0.791506,0.7686304873901121285012195401542338227724,-0.0228755126098878714987804598457661772276,0.0228755126098878714987804598457661772276,0.02890124978191936826604025723843682451883
large_family_four_children_age_bands,740,PTR,0.634141,0.5695561900150941246831657790637726767865,-0.0645848099849058753168342209362273232135,0.0645848099849058753168342209362273232135,0.1018461351417206509543370022380311684838
large_family_four_children_age_bands,1000,RR,0.734284,0.7169320897886276561454290580985073992433,-0.0173519102113723438545709419014926007567,0.0173519102113723438545709419014926007567,0.02363106129422994897692301875227105691626
large_family_four_children_age_bands,1000,PTR,0.628071,0.582196301369863013698630136986301369863,-0.045874698630136986301369863013698630137,0.045874698630136986301369863013698630137,0.07304062539129650358219033041439364361195
large_family_four_children_age_bands,1500,RR,0.639708,0.6287768493515749628051592691321771776766,-0.0109311506484250371948407308678228223234,0.0109311506484250371948407308678228223234,0.01708771916003088470808670654083241466951
large_family_four_children_age_bands,1500,PTR,0.614089,0.583507762557077625570776255711415525114,-0.030581237442922374429223744288584474886,0.030581237442922374429223744288584474886,0.04979935716634294773106788150998385394625
